/nfs/HarmonyExports/KR_C19/,200610_020116-V__2020-06-10T02_07_04-Measurement 1a,/nfs/HarmonyExports/KR_C19/0STITCHED/PE-1.1.3/
/nfs/HarmonyExports/KR_C19/,200621_031130-V__2020-06-21T03_37_35-Measurement 1b,/nfs/HarmonyExports/KR_C19/0STITCHED/PE-1.1.3/
/nfs/HarmonyExports/KR_C19/,200618_193226-V__2020-06-18T19_59_30-Measurement 1b,/nfs/HarmonyExports/KR_C19/0STITCHED/PE-1.1.3/
/nfs/HarmonyExports/KR_C19/,200620_172609-V__2020-06-20T17_32_11-Measurement 1a,/nfs/HarmonyExports/KR_C19/0STITCHED/PE-1.1.3/
/nfs/HarmonyExports/KR_C19/,200620_152304-V__2020-06-20T15_29_06-Measurement 1a,/nfs/HarmonyExports/KR_C19/0STITCHED/PE-1.1.3/
/nfs/HarmonyExports/KR_C19/,200611_221139-V__2020-06-11T22_18_13-Measurement 1a,/nfs/HarmonyExports/KR_C19/0STITCHED/PE-1.1.3/
/nfs/HarmonyExports/KR_C19/,200608_195928-V__2020-06-08T20_24_41-Measurement 1b,/nfs/HarmonyExports/KR_C19/0STITCHED/PE-1.1.3/
/nfs/HarmonyExports/KR_C19/,200629_140902-V__2020-06-29T14_15_26-Measurement 1a,/nfs/HarmonyExports/KR_C19/0STITCHED/PE-1.1.3/
/nfs/HarmonyExports/KR_C19/,200625_075253-V__2020-06-25T07_59_07-Measurement 1a,/nfs/HarmonyExports/KR_C19/0STITCHED/PE-1.1.3/
/nfs/HarmonyExports/KR_C19/,200624_123341-V__2020-06-24T13_01_01-Measurement 1b,/nfs/HarmonyExports/KR_C19/0STITCHED/PE-1.1.3/
/nfs/HarmonyExports/KR_C19/,200622_211743-V__2020-06-22T21_43_38-Measurement 1b,/nfs/HarmonyExports/KR_C19/0STITCHED/PE-1.1.3/
/nfs/HarmonyExports/KR_C19/,200622_100224-V__2020-06-22T10_28_34-Measurement 1b,/nfs/HarmonyExports/KR_C19/0STITCHED/PE-1.1.3/
/nfs/HarmonyExports/KR_C19/,200620_191628-V__2020-06-20T19_23_04-Measurement 1a,/nfs/HarmonyExports/KR_C19/0STITCHED/PE-1.1.3/
/nfs/HarmonyExports/KR_C19/,200609_231946-V__2020-06-09T23_25_33-Measurement 1a,/nfs/HarmonyExports/KR_C19/0STITCHED/PE-1.1.3/
/nfs/HarmonyExports/KR_C19/,200621_112324-V__2020-06-21T11_30_01-Measurement 1a,/nfs/HarmonyExports/KR_C19/0STITCHED/PE-1.1.3/
/nfs/HarmonyExports/KR_C19/,200625_101904-V__2020-06-25T10_25_18-Measurement 1a,/nfs/HarmonyExports/KR_C19/0STITCHED/PE-1.1.3/
/nfs/HarmonyExports/KR_C19/,200617_081952-V__2020-06-17T08_26_28-Measurement 1a,/nfs/HarmonyExports/KR_C19/0STITCHED/PE-1.1.3/
/nfs/HarmonyExports/KR_C19/,200620_152304-V__2020-06-20T15_48_53-Measurement 1b,/nfs/HarmonyExports/KR_C19/0STITCHED/PE-1.1.3/
/nfs/HarmonyExports/KR_C19/,200620_235235-V__2020-06-21T00_20_17-Measurement 1b,/nfs/HarmonyExports/KR_C19/0STITCHED/PE-1.1.3/
/nfs/HarmonyExports/KR_C19/,200624_163114-V__2020-06-24T16_37_27-Measurement 1a,/nfs/HarmonyExports/KR_C19/0STITCHED/PE-1.1.3/
/nfs/HarmonyExports/KR_C19/,200615_170037-V__2020-06-15T17_27_04-Measurement 1b,/nfs/HarmonyExports/KR_C19/0STITCHED/PE-1.1.3/
/nfs/HarmonyExports/KR_C19/,200622_100224-V__2020-06-22T10_08_46-Measurement 1a,/nfs/HarmonyExports/KR_C19/0STITCHED/PE-1.1.3/
/nfs/HarmonyExports/KR_C19/,KR_C19_00WC__2020-06-16T14_07_18-Measurement 1,/nfs/HarmonyExports/KR_C19/0STITCHED/PE-1.1.3/
/nfs/HarmonyExports/KR_C19/,200614_090913-V__2020-06-14T09_15_00-Measurement 1a,/nfs/HarmonyExports/KR_C19/0STITCHED/PE-1.1.3/
/nfs/HarmonyExports/KR_C19/,200621_031130-V__2020-06-21T03_18_06-Measurement 1a,/nfs/HarmonyExports/KR_C19/0STITCHED/PE-1.1.3/
/nfs/HarmonyExports/KR_C19/,200608_190739-V__2020-06-08T19_32_49-Measurement 1b,/nfs/HarmonyExports/KR_C19/0STITCHED/PE-1.1.3/
/nfs/HarmonyExports/KR_C19/,200615_061721-V__2020-06-15T06_42_35-Measurement 1b,/nfs/HarmonyExports/KR_C19/0STITCHED/PE-1.1.3/
/nfs/HarmonyExports/KR_C19/,200629_151440-V__2020-06-29T15_40_33-Measurement 1b,/nfs/HarmonyExports/KR_C19/0STITCHED/PE-1.1.3/
/nfs/HarmonyExports/KR_C19/,KR_C19_00WD__2020-06-16T14_11_00-Measurement 1,/nfs/HarmonyExports/KR_C19/0STITCHED/PE-1.1.3/
/nfs/HarmonyExports/KR_C19/,200614_004508-V__2020-06-14T01_11_40-Measurement 1b,/nfs/HarmonyExports/KR_C19/0STITCHED/PE-1.1.3/
/nfs/HarmonyExports/KR_C19/,200611_192927-V__2020-06-11T19_55_46-Measurement 1b,/nfs/HarmonyExports/KR_C19/0STITCHED/PE-1.1.3/
/nfs/HarmonyExports/KR_C19/,200618_222120-V__2020-06-18T22_46_54-Measurement 1b,/nfs/HarmonyExports/KR_C19/0STITCHED/PE-1.1.3/
/nfs/HarmonyExports/KR_C19/,200616_061952-V__2020-06-16T06_45_14-Measurement 1b,/nfs/HarmonyExports/KR_C19/0STITCHED/PE-1.1.3/
/nfs/HarmonyExports/KR_C19/,200623_101853-V__2020-06-23T10_25_04-Measurement 1a,/nfs/HarmonyExports/KR_C19/0STITCHED/PE-1.1.3/
/nfs/HarmonyExports/KR_C19/,200622_171150-V__2020-06-22T17_37_37-Measurement 1b,/nfs/HarmonyExports/KR_C19/0STITCHED/PE-1.1.3/
/nfs/HarmonyExports/KR_C19/,200621_194626-V__2020-06-21T20_14_11-Measurement 1b,/nfs/HarmonyExports/KR_C19/0STITCHED/PE-1.1.3/
/nfs/HarmonyExports/KR_C19/,200621_091455-V__2020-06-21T09_21_48-Measurement 1a,/nfs/HarmonyExports/KR_C19/0STITCHED/PE-1.1.3/
/nfs/HarmonyExports/KR_C19/,200623_090736-V__2020-06-23T09_13_57-Measurement 1a,/nfs/HarmonyExports/KR_C19/0STITCHED/PE-1.1.3/
/nfs/HarmonyExports/KR_C19/,200615_084730-V__2020-06-15T09_14_45-Measurement 1b,/nfs/HarmonyExports/KR_C19/0STITCHED/PE-1.1.3/
/nfs/HarmonyExports/KR_C19/,200629_131136-V__2020-06-29T13_18_11-Measurement 1a,/nfs/HarmonyExports/KR_C19/0STITCHED/PE-1.1.3/
/nfs/HarmonyExports/KR_C19/,200618_020938-V__2020-06-18T02_36_34-Measurement 1b,/nfs/HarmonyExports/KR_C19/0STITCHED/PE-1.1.3/
/nfs/HarmonyExports/KR_C19/,200616_221453-V__2020-06-16T22_42_25-Measurement 1b,/nfs/HarmonyExports/KR_C19/0STITCHED/PE-1.1.3/
/nfs/HarmonyExports/KR_C19/,KR_C19_00WV__2020-06-25T15_10_07-Measurement 1a,/nfs/HarmonyExports/KR_C19/0STITCHED/PE-1.1.3/
/nfs/HarmonyExports/KR_C19/,200618_053012-V__2020-06-18T05_36_08-Measurement 1a,/nfs/HarmonyExports/KR_C19/0STITCHED/PE-1.1.3/
/nfs/HarmonyExports/KR_C19/,200618_053012-V__2020-06-18T05_55_38-Measurement 1b,/nfs/HarmonyExports/KR_C19/0STITCHED/PE-1.1.3/
/nfs/HarmonyExports/KR_C19/,200615_061721-V__2020-06-15T06_23_09-Measurement 1a,/nfs/HarmonyExports/KR_C19/0STITCHED/PE-1.1.3/
/nfs/HarmonyExports/KR_C19/,200609_195015-V__2020-06-09T20_16_07-Measurement 1b,/nfs/HarmonyExports/KR_C19/0STITCHED/PE-1.1.3/
/nfs/HarmonyExports/KR_C19/,200622_154150-V__2020-06-22T15_48_03-Measurement 1a,/nfs/HarmonyExports/KR_C19/0STITCHED/PE-1.1.3/
/nfs/HarmonyExports/KR_C19/,200615_143653-V__2020-06-15T14_43_42-Measurement 1a,/nfs/HarmonyExports/KR_C19/0STITCHED/PE-1.1.3/
/nfs/HarmonyExports/KR_C19/,200622_211743-V__2020-06-22T21_23_52-Measurement 1a,/nfs/HarmonyExports/KR_C19/0STITCHED/PE-1.1.3/
/nfs/HarmonyExports/KR_C19/,200621_143533-V__2020-06-21T15_01_38-Measurement 1b,/nfs/HarmonyExports/KR_C19/0STITCHED/PE-1.1.3/
/nfs/HarmonyExports/KR_C19/,200609_231946-V__2020-06-09T23_45_07-Measurement 1b,/nfs/HarmonyExports/KR_C19/0STITCHED/PE-1.1.3/
/nfs/HarmonyExports/KR_C19/,200620_113144-V__2020-06-20T11_38_06-Measurement 1a,/nfs/HarmonyExports/KR_C19/0STITCHED/PE-1.1.3/
/nfs/HarmonyExports/KR_C19/,200614_220805-V__2020-06-14T22_13_52-Measurement 1a,/nfs/HarmonyExports/KR_C19/0STITCHED/PE-1.1.3/
/nfs/HarmonyExports/KR_C19/,KR_C19_00TU__2020-06-12T10_14_46-Measurement 1b,/nfs/HarmonyExports/KR_C19/0STITCHED/PE-1.1.3/
/nfs/HarmonyExports/KR_C19/,200608_195928-V__2020-06-08T20_05_09-Measurement 1a,/nfs/HarmonyExports/KR_C19/0STITCHED/PE-1.1.3/
/nfs/HarmonyExports/KR_C19/,200621_112324-V__2020-06-21T11_50_40-Measurement 1b,/nfs/HarmonyExports/KR_C19/0STITCHED/PE-1.1.3/
/nfs/HarmonyExports/KR_C19/,200626_054053-V__2020-06-26T06_07_05-Measurement 1b,/nfs/HarmonyExports/KR_C19/0STITCHED/PE-1.1.3/
/nfs/HarmonyExports/KR_C19/,200626_203659-V__2020-06-26T20_43_03-Measurement 1a,/nfs/HarmonyExports/KR_C19/0STITCHED/PE-1.1.3/
/nfs/HarmonyExports/KR_C19/,200626_054053-V__2020-06-26T05_47_09-Measurement 1a,/nfs/HarmonyExports/KR_C19/0STITCHED/PE-1.1.3/
/nfs/HarmonyExports/KR_C19/,200625_075253-V__2020-06-25T08_20_07-Measurement 1b,/nfs/HarmonyExports/KR_C19/0STITCHED/PE-1.1.3/
/nfs/HarmonyExports/KR_C19/,200623_090736-V__2020-06-23T09_34_54-Measurement 1b,/nfs/HarmonyExports/KR_C19/0STITCHED/PE-1.1.3/
/nfs/HarmonyExports/KR_C19/,200627_024438-V__2020-06-27T02_50_57-Measurement 1a,/nfs/HarmonyExports/KR_C19/0STITCHED/PE-1.1.3/
/nfs/HarmonyExports/KR_C19/,200615_010033-V__2020-06-15T01_06_25-Measurement 1a,/nfs/HarmonyExports/KR_C19/0STITCHED/PE-1.1.3/
/nfs/HarmonyExports/KR_C19/,200616_004034-V__2020-06-16T01_07_21-Measurement 1b,/nfs/HarmonyExports/KR_C19/0STITCHED/PE-1.1.3/
/nfs/HarmonyExports/KR_C19/,200615_033554-V__2020-06-15T04_01_05-Measurement 1b,/nfs/HarmonyExports/KR_C19/0STITCHED/PE-1.1.3/
/nfs/HarmonyExports/KR_C19/,200621_091455-V__2020-06-21T09_42_19-Measurement 1b,/nfs/HarmonyExports/KR_C19/0STITCHED/PE-1.1.3/
/nfs/HarmonyExports/KR_C19/,200617_081952-V__2020-06-17T08_46_05-Measurement 1b,/nfs/HarmonyExports/KR_C19/0STITCHED/PE-1.1.3/
/nfs/HarmonyExports/KR_C19/,200621_143533-V__2020-06-21T14_42_15-Measurement 1a,/nfs/HarmonyExports/KR_C19/0STITCHED/PE-1.1.3/
/nfs/HarmonyExports/KR_C19/,200612_022048-V__2020-06-12T02_48_24-Measurement 1b,/nfs/HarmonyExports/KR_C19/0STITCHED/PE-1.1.3/
/nfs/HarmonyExports/KR_C19/,200613_134613-V__2020-06-13T13_51_43-Measurement 1a,/nfs/HarmonyExports/KR_C19/0STITCHED/PE-1.1.3/
/nfs/HarmonyExports/KR_C19/,200625_222326-V__2020-06-25T22_50_57-Measurement 1b,/nfs/HarmonyExports/KR_C19/0STITCHED/PE-1.1.3/
/nfs/HarmonyExports/KR_C19/,200610_010946-V__2020-06-10T01_15_33-Measurement 1a,/nfs/HarmonyExports/KR_C19/0STITCHED/PE-1.1.3/
/nfs/HarmonyExports/KR_C19/,200615_113243-V__2020-06-15T11_39_16-Measurement 1a,/nfs/HarmonyExports/KR_C19/0STITCHED/PE-1.1.3/
/nfs/HarmonyExports/KR_C19/,200621_150851-V__2020-06-21T15_36_09-Measurement 1b,/nfs/HarmonyExports/KR_C19/0STITCHED/PE-1.1.3/
/nfs/HarmonyExports/KR_C19/,200611_192927-V__2020-06-11T19_36_07-Measurement 1a,/nfs/HarmonyExports/KR_C19/0STITCHED/PE-1.1.3/
/nfs/HarmonyExports/KR_C19/,KR_C19_00WH__2020-06-16T14_44_44-Measurement 1,/nfs/HarmonyExports/KR_C19/0STITCHED/PE-1.1.3/
/nfs/HarmonyExports/KR_C19/,KR_C19_00WE__2020-06-16T14_18_52-Measurement 2,/nfs/HarmonyExports/KR_C19/0STITCHED/PE-1.1.3/
/nfs/HarmonyExports/KR_C19/,200614_065747-V__2020-06-14T07_03_33-Measurement 1a,/nfs/HarmonyExports/KR_C19/0STITCHED/PE-1.1.3/
/nfs/HarmonyExports/KR_C19/,200613_220605-V__2020-06-13T22_11_54-Measurement 1a,/nfs/HarmonyExports/KR_C19/0STITCHED/PE-1.1.3/
/nfs/HarmonyExports/KR_C19/,KR_C19_00TU__2020-06-12T09_55_11-Measurement 1a,/nfs/HarmonyExports/KR_C19/0STITCHED/PE-1.1.3/
/nfs/HarmonyExports/KR_C19/,200629_131136-V__2020-06-29T13_37_28-Measurement 1b,/nfs/HarmonyExports/KR_C19/0STITCHED/PE-1.1.3/
/nfs/HarmonyExports/KR_C19/,200615_170037-V__2020-06-15T17_06_25-Measurement 1a,/nfs/HarmonyExports/KR_C19/0STITCHED/PE-1.1.3/
/nfs/HarmonyExports/KR_C19/,200624_083857-V__2020-06-24T09_05_13-Measurement 1b,/nfs/HarmonyExports/KR_C19/0STITCHED/PE-1.1.3/
/nfs/HarmonyExports/KR_C19/,200620_210537-V__2020-06-20T21_12_14-Measurement 1a,/nfs/HarmonyExports/KR_C19/0STITCHED/PE-1.1.3/
/nfs/HarmonyExports/KR_C19/,200620_115950-V__2020-06-20T12_05_55-Measurement 1a,/nfs/HarmonyExports/KR_C19/0STITCHED/PE-1.1.3/
/nfs/HarmonyExports/KR_C19/,200615_084730-V__2020-06-15T08_54_02-Measurement 1a,/nfs/HarmonyExports/KR_C19/0STITCHED/PE-1.1.3/
/nfs/HarmonyExports/KR_C19/,200620_124827-V__2020-06-20T12_54_29-Measurement 1a,/nfs/HarmonyExports/KR_C19/0STITCHED/PE-1.1.3/
/nfs/HarmonyExports/KR_C19/,200616_061952-V__2020-06-16T06_25_45-Measurement 1a,/nfs/HarmonyExports/KR_C19/0STITCHED/PE-1.1.3/
/nfs/HarmonyExports/KR_C19/,200616_221453-V__2020-06-16T22_21_29-Measurement 1a,/nfs/HarmonyExports/KR_C19/0STITCHED/PE-1.1.3/
/nfs/HarmonyExports/KR_C19/,200612_022048-V__2020-06-12T02_27_21-Measurement 1a,/nfs/HarmonyExports/KR_C19/0STITCHED/PE-1.1.3/
/nfs/HarmonyExports/KR_C19/,200619_045315-V__2020-06-19T05_20_22-Measurement 1b,/nfs/HarmonyExports/KR_C19/0STITCHED/PE-1.1.3/
/nfs/HarmonyExports/KR_C19/,KR_C19_00WH__2020-06-16T14_53_10-Measurement 2,/nfs/HarmonyExports/KR_C19/0STITCHED/PE-1.1.3/
/nfs/HarmonyExports/KR_C19/,200622_171150-V__2020-06-22T17_17_58-Measurement 1a,/nfs/HarmonyExports/KR_C19/0STITCHED/PE-1.1.3/
/nfs/HarmonyExports/KR_C19/,200621_213050-V__2020-06-21T21_37_26-Measurement 1a,/nfs/HarmonyExports/KR_C19/0STITCHED/PE-1.1.3/
/nfs/HarmonyExports/KR_C19/,200615_113243-V__2020-06-15T11_59_52-Measurement 1b,/nfs/HarmonyExports/KR_C19/0STITCHED/PE-1.1.3/
/nfs/HarmonyExports/KR_C19/,200617_022535-V__2020-06-17T02_32_10-Measurement 1a,/nfs/HarmonyExports/KR_C19/0STITCHED/PE-1.1.3/
/nfs/HarmonyExports/KR_C19/,KR_C19_00U9__2020-06-11T13_53_04-Measurement 1a,/nfs/HarmonyExports/KR_C19/0STITCHED/PE-1.1.3/
/nfs/HarmonyExports/KR_C19/,200614_004508-V__2020-06-14T00_50_54-Measurement 1a,/nfs/HarmonyExports/KR_C19/0STITCHED/PE-1.1.3/
/nfs/HarmonyExports/KR_C19/,200627_024438-V__2020-06-27T03_12_54-Measurement 1b,/nfs/HarmonyExports/KR_C19/0STITCHED/PE-1.1.3/
/nfs/HarmonyExports/KR_C19/,200621_150851-V__2020-06-21T15_15_26-Measurement 1a,/nfs/HarmonyExports/KR_C19/0STITCHED/PE-1.1.3/
/nfs/HarmonyExports/KR_C19/,200617_022535-V__2020-06-17T02_53_08-Measurement 1b,/nfs/HarmonyExports/KR_C19/0STITCHED/PE-1.1.3/
/nfs/HarmonyExports/KR_C19/,KR_C19_00TR__2020-06-11T17_30_30-Measurement 1b,/nfs/HarmonyExports/KR_C19/0STITCHED/PE-1.1.3/
/nfs/HarmonyExports/KR_C19/,200613_193838-V__2020-06-13T20_05_27-Measurement 1b,/nfs/HarmonyExports/KR_C19/0STITCHED/PE-1.1.3/
/nfs/HarmonyExports/KR_C19/,KR_C19_00WD__2020-06-16T14_34_39-Measurement 3,/nfs/HarmonyExports/KR_C19/0STITCHED/PE-1.1.3/
/nfs/HarmonyExports/KR_C19/,200624_163114-V__2020-06-24T16_58_00-Measurement 1b,/nfs/HarmonyExports/KR_C19/0STITCHED/PE-1.1.3/
/nfs/HarmonyExports/KR_C19/,200613_193838-V__2020-06-13T19_44_23-Measurement 1a,/nfs/HarmonyExports/KR_C19/0STITCHED/PE-1.1.3/
/nfs/HarmonyExports/KR_C19/,200620_210537-V__2020-06-20T21_33_03-Measurement 1b,/nfs/HarmonyExports/KR_C19/0STITCHED/PE-1.1.3/
/nfs/HarmonyExports/KR_C19/,200618_193226-V__2020-06-18T19_38_09-Measurement 1a,/nfs/HarmonyExports/KR_C19/0STITCHED/PE-1.1.3/
/nfs/HarmonyExports/KR_C19/,200613_134613-V__2020-06-13T14_11_32-Measurement 1b,/nfs/HarmonyExports/KR_C19/0STITCHED/PE-1.1.3/
/nfs/HarmonyExports/KR_C19/,200616_082158-V__2020-06-16T08_27_48-Measurement 1a,/nfs/HarmonyExports/KR_C19/0STITCHED/PE-1.1.3/
/nfs/HarmonyExports/KR_C19/,200614_220805-V__2020-06-14T22_34_28-Measurement 1b,/nfs/HarmonyExports/KR_C19/0STITCHED/PE-1.1.3/
/nfs/HarmonyExports/KR_C19/,KR_C19_00WE__2020-06-16T14_13_05-Measurement 1,/nfs/HarmonyExports/KR_C19/0STITCHED/PE-1.1.3/
/nfs/HarmonyExports/KR_C19/,200610_010946-V__2020-06-10T01_35_08-Measurement 1b,/nfs/HarmonyExports/KR_C19/0STITCHED/PE-1.1.3/
/nfs/HarmonyExports/KR_C19/,200621_104608-V__2020-06-21T11_12_06-Measurement 1b,/nfs/HarmonyExports/KR_C19/0STITCHED/PE-1.1.3/
/nfs/HarmonyExports/KR_C19/,200619_012006-V__2020-06-19T01_47_11-Measurement 1b,/nfs/HarmonyExports/KR_C19/0STITCHED/PE-1.1.3/
/nfs/HarmonyExports/KR_C19/,200619_045315-V__2020-06-19T04_59_14-Measurement 1a,/nfs/HarmonyExports/KR_C19/0STITCHED/PE-1.1.3/
/nfs/HarmonyExports/KR_C19/,200614_034402-V__2020-06-14T03_49_50-Measurement 1a,/nfs/HarmonyExports/KR_C19/0STITCHED/PE-1.1.3/
/nfs/HarmonyExports/KR_C19/,200615_033554-V__2020-06-15T03_41_43-Measurement 1a,/nfs/HarmonyExports/KR_C19/0STITCHED/PE-1.1.3/
/nfs/HarmonyExports/KR_C19/,200622_124631-V__2020-06-22T13_13_27-Measurement 1b,/nfs/HarmonyExports/KR_C19/0STITCHED/PE-1.1.3/
/nfs/HarmonyExports/KR_C19/,200621_184204-V__2020-06-21T19_09_02-Measurement 1b,/nfs/HarmonyExports/KR_C19/0STITCHED/PE-1.1.3/
/nfs/HarmonyExports/KR_C19/,200621_213050-V__2020-06-21T21_58_20-Measurement 1b,/nfs/HarmonyExports/KR_C19/0STITCHED/PE-1.1.3/
/nfs/HarmonyExports/KR_C19/,KR_C19_00WG__2020-06-16T14_58_46-Measurement 2,/nfs/HarmonyExports/KR_C19/0STITCHED/PE-1.1.3/
/nfs/HarmonyExports/KR_C19/,200621_104608-V__2020-06-21T10_52_45-Measurement 1a,/nfs/HarmonyExports/KR_C19/0STITCHED/PE-1.1.3/
/nfs/HarmonyExports/KR_C19/,200610_080742-V__2020-06-10T08_33_19-Measurement 1b,/nfs/HarmonyExports/KR_C19/0STITCHED/PE-1.1.3/
/nfs/HarmonyExports/KR_C19/,200626_203659-V__2020-06-26T21_04_08-Measurement 1b,/nfs/HarmonyExports/KR_C19/0STITCHED/PE-1.1.3/
/nfs/HarmonyExports/KR_C19/,200608_190739-V__2020-06-08T19_13_07-Measurement 1a,/nfs/HarmonyExports/KR_C19/0STITCHED/PE-1.1.3/
/nfs/HarmonyExports/KR_C19/,KR_C19_00WG__2020-06-16T14_42_04-Measurement 1,/nfs/HarmonyExports/KR_C19/0STITCHED/PE-1.1.3/
/nfs/HarmonyExports/KR_C19/,200629_140902-V__2020-06-29T14_34_40-Measurement 1b,/nfs/HarmonyExports/KR_C19/0STITCHED/PE-1.1.3/
/nfs/HarmonyExports/KR_C19/,200625_101904-V__2020-06-25T10_44_59-Measurement 1b,/nfs/HarmonyExports/KR_C19/0STITCHED/PE-1.1.3/
/nfs/HarmonyExports/KR_C19/,200620_235235-V__2020-06-20T23_59_12-Measurement 1a,/nfs/HarmonyExports/KR_C19/0STITCHED/PE-1.1.3/
/nfs/HarmonyExports/KR_C19/,200614_090913-V__2020-06-14T09_35_56-Measurement 1b,/nfs/HarmonyExports/KR_C19/0STITCHED/PE-1.1.3/
/nfs/HarmonyExports/KR_C19/,200620_115950-V__2020-06-20T12_25_44-Measurement 1b,/nfs/HarmonyExports/KR_C19/0STITCHED/PE-1.1.3/
/nfs/HarmonyExports/KR_C19/,200609_042807-V__2020-06-09T04_52_58-Measurement 1b,/nfs/HarmonyExports/KR_C19/0STITCHED/PE-1.1.3/
/nfs/HarmonyExports/KR_C19/,200611_221139-V__2020-06-11T22_38_56-Measurement 1b,/nfs/HarmonyExports/KR_C19/0STITCHED/PE-1.1.3/
/nfs/HarmonyExports/KR_C19/,200609_042807-V__2020-06-09T04_33_50-Measurement 1a,/nfs/HarmonyExports/KR_C19/0STITCHED/PE-1.1.3/
/nfs/HarmonyExports/KR_C19/,200615_010033-V__2020-06-15T01_25_52-Measurement 1b,/nfs/HarmonyExports/KR_C19/0STITCHED/PE-1.1.3/
/nfs/HarmonyExports/KR_C19/,KR_C19_00WV__2020-06-25T15_30_10-Measurement 1b,/nfs/HarmonyExports/KR_C19/0STITCHED/PE-1.1.3/
/nfs/HarmonyExports/KR_C19/,200629_151440-V__2020-06-29T15_21_12-Measurement 1a,/nfs/HarmonyExports/KR_C19/0STITCHED/PE-1.1.3/
/nfs/HarmonyExports/KR_C19/,200625_222326-V__2020-06-25T22_29_27-Measurement 1a,/nfs/HarmonyExports/KR_C19/0STITCHED/PE-1.1.3/
/nfs/HarmonyExports/KR_C19/,200619_062610-V__2020-06-19T06_53_06-Measurement 1b,/nfs/HarmonyExports/KR_C19/0STITCHED/PE-1.1.3/
/nfs/HarmonyExports/KR_C19/,200624_083857-V__2020-06-24T08_45_31-Measurement 1a,/nfs/HarmonyExports/KR_C19/0STITCHED/PE-1.1.3/
/nfs/HarmonyExports/KR_C19/,200621_184204-V__2020-06-21T18_48_40-Measurement 1a,/nfs/HarmonyExports/KR_C19/0STITCHED/PE-1.1.3/
/nfs/HarmonyExports/KR_C19/,200618_222120-V__2020-06-18T22_27_17-Measurement 1a,/nfs/HarmonyExports/KR_C19/0STITCHED/PE-1.1.3/
/nfs/HarmonyExports/KR_C19/,200622_224840-V__2020-06-22T22_54_48-Measurement 1a,/nfs/HarmonyExports/KR_C19/0STITCHED/PE-1.1.3/
/nfs/HarmonyExports/KR_C19/,200610_020116-V__2020-06-10T02_26_40-Measurement 1b,/nfs/HarmonyExports/KR_C19/0STITCHED/PE-1.1.3/
/nfs/HarmonyExports/KR_C19/,200620_113144-V__2020-06-20T11_58_37-Measurement 1b,/nfs/HarmonyExports/KR_C19/0STITCHED/PE-1.1.3/
/nfs/HarmonyExports/KR_C19/,200618_020938-V__2020-06-18T02_15_34-Measurement 1a,/nfs/HarmonyExports/KR_C19/0STITCHED/PE-1.1.3/
/nfs/HarmonyExports/KR_C19/,200620_191628-V__2020-06-20T19_44_07-Measurement 1b,/nfs/HarmonyExports/KR_C19/0STITCHED/PE-1.1.3/
/nfs/HarmonyExports/KR_C19/,200619_012006-V__2020-06-19T01_26_04-Measurement 1a,/nfs/HarmonyExports/KR_C19/0STITCHED/PE-1.1.3/
/nfs/HarmonyExports/KR_C19/,200622_124631-V__2020-06-22T12_52_39-Measurement 1a,/nfs/HarmonyExports/KR_C19/0STITCHED/PE-1.1.3/
/nfs/HarmonyExports/KR_C19/,200619_062610-V__2020-06-19T06_32_09-Measurement 1a,/nfs/HarmonyExports/KR_C19/0STITCHED/PE-1.1.3/
/nfs/HarmonyExports/KR_C19/,200615_143653-V__2020-06-15T15_04_35-Measurement 1b,/nfs/HarmonyExports/KR_C19/0STITCHED/PE-1.1.3/
/nfs/HarmonyExports/KR_C19/,200616_004034-V__2020-06-16T00_46_23-Measurement 1a,/nfs/HarmonyExports/KR_C19/0STITCHED/PE-1.1.3/
/nfs/HarmonyExports/KR_C19/,200622_154150-V__2020-06-22T16_09_15-Measurement 1b,/nfs/HarmonyExports/KR_C19/0STITCHED/PE-1.1.3/
/nfs/HarmonyExports/KR_C19/,200614_034402-V__2020-06-14T04_09_22-Measurement 1b,/nfs/HarmonyExports/KR_C19/0STITCHED/PE-1.1.3/
/nfs/HarmonyExports/KR_C19/,200613_220605-V__2020-06-13T22_31_32-Measurement 1b,/nfs/HarmonyExports/KR_C19/0STITCHED/PE-1.1.3/
/nfs/HarmonyExports/KR_C19/,200623_101853-V__2020-06-23T10_44_51-Measurement 1b,/nfs/HarmonyExports/KR_C19/0STITCHED/PE-1.1.3/
/nfs/HarmonyExports/KR_C19/,200616_082158-V__2020-06-16T08_47_24-Measurement 1b,/nfs/HarmonyExports/KR_C19/0STITCHED/PE-1.1.3/
/nfs/HarmonyExports/KR_C19/,200621_194626-V__2020-06-21T19_53_02-Measurement 1a,/nfs/HarmonyExports/KR_C19/0STITCHED/PE-1.1.3/
/nfs/HarmonyExports/KR_C19/,KR_C19_00TR__2020-06-11T17_11_06-Measurement 1a,/nfs/HarmonyExports/KR_C19/0STITCHED/PE-1.1.3/
/nfs/HarmonyExports/KR_C19/,200620_124827-V__2020-06-20T13_14_15-Measurement 1b,/nfs/HarmonyExports/KR_C19/0STITCHED/PE-1.1.3/
/nfs/HarmonyExports/KR_C19/,KR_C19_00U9__2020-06-11T14_12_45-Measurement 1b,/nfs/HarmonyExports/KR_C19/0STITCHED/PE-1.1.3/
/nfs/HarmonyExports/KR_C19/,KR_C19_00WC__2020-06-16T14_24_18-Measurement 2,/nfs/HarmonyExports/KR_C19/0STITCHED/PE-1.1.3/
/nfs/HarmonyExports/KR_C19/,200614_065747-V__2020-06-14T07_23_07-Measurement 1b,/nfs/HarmonyExports/KR_C19/0STITCHED/PE-1.1.3/
/nfs/HarmonyExports/KR_C19/,200609_195015-V__2020-06-09T19_55_46-Measurement 1a,/nfs/HarmonyExports/KR_C19/0STITCHED/PE-1.1.3/
/nfs/HarmonyExports/KR_C19/,200622_224840-V__2020-06-22T23_14_40-Measurement 1b,/nfs/HarmonyExports/KR_C19/0STITCHED/PE-1.1.3/
/nfs/HarmonyExports/KR_C19/,200624_123341-V__2020-06-24T12_40_09-Measurement 1a,/nfs/HarmonyExports/KR_C19/0STITCHED/PE-1.1.3/
/nfs/HarmonyExports/KR_C19/,200620_172609-V__2020-06-20T17_52_00-Measurement 1b,/nfs/HarmonyExports/KR_C19/0STITCHED/PE-1.1.3/
