/nfs/HarmonyExports/KR_C19/20200610_stitched/,KR_C19_00NC__2020-05-19T12_51_09-Measurement 2,/nfs/HarmonyExports/KR_C19/0STITCHED/PE-1.1.3/
/nfs/HarmonyExports/KR_C19/20200610_stitched/,KR_C19_00NA__2020-05-19T11_47_44-Measurement 1,/nfs/HarmonyExports/KR_C19/0STITCHED/PE-1.1.3/
/nfs/HarmonyExports/KR_C19/20200610_stitched/,200523_104758-V__2020-05-23T11_28_47-Measurement 1b,/nfs/HarmonyExports/KR_C19/0STITCHED/PE-1.1.3/
/nfs/HarmonyExports/KR_C19/20200610_stitched/,KR_C19_00NT__2020-05-19T15_16_28-Measurement 1,/nfs/HarmonyExports/KR_C19/0STITCHED/PE-1.1.3/
/nfs/HarmonyExports/KR_C19/20200610_stitched/,KR_C19_00SD__2020-06-05T17_41_26-Measurement 1,/nfs/HarmonyExports/KR_C19/0STITCHED/PE-1.1.3/
/nfs/HarmonyExports/KR_C19/20200610_stitched/,200610_080742-V__2020-06-10T08_13_31-Measurement 1a,/nfs/HarmonyExports/KR_C19/0STITCHED/PE-1.1.3/
/nfs/HarmonyExports/KR_C19/20200610_stitched/,KR_C19_00Q5__2020-05-28T12_33_22-Measurement 1,/nfs/HarmonyExports/KR_C19/0STITCHED/PE-1.1.3/
/nfs/HarmonyExports/KR_C19/20200610_stitched/,KR_C19_00NP__2020-05-19T13_48_54-Measurement 1,/nfs/HarmonyExports/KR_C19/0STITCHED/PE-1.1.3/
/nfs/HarmonyExports/KR_C19/20200610_stitched/,KR_C19_00SE__2020-06-08T14_07_25-Measurement 2,/nfs/HarmonyExports/KR_C19/0STITCHED/PE-1.1.3/
/nfs/HarmonyExports/KR_C19/20200610_stitched/,KR_C19_00PD__2020-05-20T16_52_36-Measurement 2,/nfs/HarmonyExports/KR_C19/0STITCHED/PE-1.1.3/
/nfs/HarmonyExports/KR_C19/20200610_stitched/,KR_C19_00NA__2020-05-19T11_54_50-Measurement 2,/nfs/HarmonyExports/KR_C19/0STITCHED/PE-1.1.3/
/nfs/HarmonyExports/KR_C19/20200610_stitched/,200523_054415-V__2020-05-23T06_56_59-Measurement 1b,/nfs/HarmonyExports/KR_C19/0STITCHED/PE-1.1.3/
/nfs/HarmonyExports/KR_C19/20200610_stitched/,KR_C19_00NN__2020-05-19T11_37_31-Measurement 1,/nfs/HarmonyExports/KR_C19/0STITCHED/PE-1.1.3/
/nfs/HarmonyExports/KR_C19/20200610_stitched/,200526_213814-V__2020-05-26T21_43_49-Measurement 1a,/nfs/HarmonyExports/KR_C19/0STITCHED/PE-1.1.3/
/nfs/HarmonyExports/KR_C19/20200610_stitched/,200527_205523-V__2020-05-27T21_01_42-Measurement 1a,/nfs/HarmonyExports/KR_C19/0STITCHED/PE-1.1.3/
/nfs/HarmonyExports/KR_C19/20200610_stitched/,KR_C19_00PE__2020-05-20T16_04_09-Measurement 2,/nfs/HarmonyExports/KR_C19/0STITCHED/PE-1.1.3/
/nfs/HarmonyExports/KR_C19/20200610_stitched/,KR_C19_00PY__2020-05-21T14_57_29-Measurement 2,/nfs/HarmonyExports/KR_C19/0STITCHED/PE-1.1.3/
/nfs/HarmonyExports/KR_C19/20200610_stitched/,KR_C19_00S4__2020-06-03T17_03_31-Measurement 2,/nfs/HarmonyExports/KR_C19/0STITCHED/PE-1.1.3/
/nfs/HarmonyExports/KR_C19/20200610_stitched/,200522_193422-V__2020-05-22T19_40_12-Measurement 1a,/nfs/HarmonyExports/KR_C19/0STITCHED/PE-1.1.3/
/nfs/HarmonyExports/KR_C19/20200610_stitched/,200526_192733-V__2020-05-26T19_33_21-Measurement 1a,/nfs/HarmonyExports/KR_C19/0STITCHED/PE-1.1.3/
/nfs/HarmonyExports/KR_C19/20200610_stitched/,200529_102913-V__2020-05-29T10_34_51-Measurement 1a,/nfs/HarmonyExports/KR_C19/0STITCHED/PE-1.1.3/
/nfs/HarmonyExports/KR_C19/20200610_stitched/,200526_234735-V__2020-05-27T00_11_49-Measurement 1b,/nfs/HarmonyExports/KR_C19/0STITCHED/PE-1.1.3/
/nfs/HarmonyExports/KR_C19/20200610_stitched/,KR_C19_00RR__2020-06-04T11_12_56-Measurement 1b,/nfs/HarmonyExports/KR_C19/0STITCHED/PE-1.1.3/
/nfs/HarmonyExports/KR_C19/20200610_stitched/,200606_025037-V__2020-06-06T03_15_57-Measurement 1b,/nfs/HarmonyExports/KR_C19/0STITCHED/PE-1.1.3/
/nfs/HarmonyExports/KR_C19/20200610_stitched/,200528_212926-V__2020-05-28T21_35_01-Measurement 1a,/nfs/HarmonyExports/KR_C19/0STITCHED/PE-1.1.3/
/nfs/HarmonyExports/KR_C19/20200610_stitched/,KR_C19_00NV__2020-05-19T18_40_55-Measurement 2,/nfs/HarmonyExports/KR_C19/0STITCHED/PE-1.1.3/
/nfs/HarmonyExports/KR_C19/20200610_stitched/,200603_194003-V__2020-06-03T20_05_04-Measurement 1b,/nfs/HarmonyExports/KR_C19/0STITCHED/PE-1.1.3/
/nfs/HarmonyExports/KR_C19/20200610_stitched/,200529_102913-V__2020-05-29T11_00_05-Measurement 1b,/nfs/HarmonyExports/KR_C19/0STITCHED/PE-1.1.3/
/nfs/HarmonyExports/KR_C19/20200610_stitched/,KR_C19_00P3__2020-05-27T19_14_58-Measurement 1,/nfs/HarmonyExports/KR_C19/0STITCHED/PE-1.1.3/
/nfs/HarmonyExports/KR_C19/20200610_stitched/,KR_C19_00PN__2020-05-27T18_40_59-Measurement 2,/nfs/HarmonyExports/KR_C19/0STITCHED/PE-1.1.3/
/nfs/HarmonyExports/KR_C19/20200610_stitched/,KR_C19_00QD__2020-06-01T13_53_44-Measurement 1,/nfs/HarmonyExports/KR_C19/0STITCHED/PE-1.1.3/
/nfs/HarmonyExports/KR_C19/20200610_stitched/,KR_C19_00PB__2020-05-20T14_49_36-Measurement 1,/nfs/HarmonyExports/KR_C19/0STITCHED/PE-1.1.3/
/nfs/HarmonyExports/KR_C19/20200610_stitched/,KR_C19_00NE__2020-05-19T14_25_06-Measurement 1,/nfs/HarmonyExports/KR_C19/0STITCHED/PE-1.1.3/
/nfs/HarmonyExports/KR_C19/20200610_stitched/,200523_155655-V__2020-05-23T16_37_48-Measurement 1b,/nfs/HarmonyExports/KR_C19/0STITCHED/PE-1.1.3/
/nfs/HarmonyExports/KR_C19/20200610_stitched/,KR_C19_00NB__2020-05-19T12_13_29-Measurement 1,/nfs/HarmonyExports/KR_C19/0STITCHED/PE-1.1.3/
/nfs/HarmonyExports/KR_C19/20200610_stitched/,200523_025747-V__2020-05-23T03_03_21-Measurement 1a,/nfs/HarmonyExports/KR_C19/0STITCHED/PE-1.1.3/
/nfs/HarmonyExports/KR_C19/20200610_stitched/,KR_C19_00NU__2020-05-19T14_46_26-Measurement 2,/nfs/HarmonyExports/KR_C19/0STITCHED/PE-1.1.3/
/nfs/HarmonyExports/KR_C19/20200610_stitched/,KR_C19_00PC__2020-05-20T15_25_57-Measurement 2,/nfs/HarmonyExports/KR_C19/0STITCHED/PE-1.1.3/
/nfs/HarmonyExports/KR_C19/20200610_stitched/,KR_C19_00ST__2020-06-05T17_36_38-Measurement 1,/nfs/HarmonyExports/KR_C19/0STITCHED/PE-1.1.3/
/nfs/HarmonyExports/KR_C19/20200610_stitched/,KR_C19_00PG__2020-05-20T20_42_48-Measurement 2,/nfs/HarmonyExports/KR_C19/0STITCHED/PE-1.1.3/
/nfs/HarmonyExports/KR_C19/20200610_stitched/,200606_025037-V__2020-06-06T02_56_15-Measurement 1a,/nfs/HarmonyExports/KR_C19/0STITCHED/PE-1.1.3/
/nfs/HarmonyExports/KR_C19/20200610_stitched/,200605_013714-V__2020-06-05T01_42_52-Measurement 1a,/nfs/HarmonyExports/KR_C19/0STITCHED/PE-1.1.3/
/nfs/HarmonyExports/KR_C19/20200610_stitched/,200521_233713-V__2020-05-21T23_42_20-Measurement 1a,/nfs/HarmonyExports/KR_C19/0STITCHED/PE-1.1.3/
/nfs/HarmonyExports/KR_C19/20200610_stitched/,200526_234735-V__2020-05-26T23_53_06-Measurement 1a,/nfs/HarmonyExports/KR_C19/0STITCHED/PE-1.1.3/
/nfs/HarmonyExports/KR_C19/20200610_stitched/,KR_C19_00PN__2020-05-27T18_53_37-Measurement 3,/nfs/HarmonyExports/KR_C19/0STITCHED/PE-1.1.3/
/nfs/HarmonyExports/KR_C19/20200610_stitched/,200607_005648-V__2020-06-07T01_22_14-Measurement 1b,/nfs/HarmonyExports/KR_C19/0STITCHED/PE-1.1.3/
/nfs/HarmonyExports/KR_C19/20200610_stitched/,KR_C19_00Q9__2020-05-28T17_45_38-Measurement 2b,/nfs/HarmonyExports/KR_C19/0STITCHED/PE-1.1.3/
/nfs/HarmonyExports/KR_C19/20200610_stitched/,200605_045207-V__2020-06-05T05_17_26-Measurement 1b,/nfs/HarmonyExports/KR_C19/0STITCHED/PE-1.1.3/
/nfs/HarmonyExports/KR_C19/20200610_stitched/,KR_C19_00PF__2020-05-20T17_15_29-Measurement 1,/nfs/HarmonyExports/KR_C19/0STITCHED/PE-1.1.3/
/nfs/HarmonyExports/KR_C19/20200610_stitched/,200604_010942-V__2020-06-04T01_34_57-Measurement 1b,/nfs/HarmonyExports/KR_C19/0STITCHED/PE-1.1.3/
/nfs/HarmonyExports/KR_C19/20200610_stitched/,KR_C19_00NB__2020-05-19T12_24_01-Measurement 2,/nfs/HarmonyExports/KR_C19/0STITCHED/PE-1.1.3/
/nfs/HarmonyExports/KR_C19/20200610_stitched/,KR_C19_00TH__2020-06-09T11_10_08-Measurement 1,/nfs/HarmonyExports/KR_C19/0STITCHED/PE-1.1.3/
/nfs/HarmonyExports/KR_C19/20200610_stitched/,KR_C19_00QE__2020-05-22T12_56_14-Measurement 1a,/nfs/HarmonyExports/KR_C19/0STITCHED/PE-1.1.3/
/nfs/HarmonyExports/KR_C19/20200610_stitched/,KR_C19_multi1__2020-05-22T10_51_20-Measurement 1b,/nfs/HarmonyExports/KR_C19/0STITCHED/PE-1.1.3/
/nfs/HarmonyExports/KR_C19/20200610_stitched/,KR_C19_00RK__2020-06-04T14_57_55-Measurement 1a,/nfs/HarmonyExports/KR_C19/0STITCHED/PE-1.1.3/
/nfs/HarmonyExports/KR_C19/20200610_stitched/,KR_C19_00NP__2020-05-19T13_56_33-Measurement 2,/nfs/HarmonyExports/KR_C19/0STITCHED/PE-1.1.3/
/nfs/HarmonyExports/KR_C19/20200610_stitched/,200523_054415-V__2020-05-23T05_49_48-Measurement 1a,/nfs/HarmonyExports/KR_C19/0STITCHED/PE-1.1.3/
/nfs/HarmonyExports/KR_C19/20200610_stitched/,KR_C19_00QA__2020-05-22T17_33_08-Measurement 1b,/nfs/HarmonyExports/KR_C19/0STITCHED/PE-1.1.3/
/nfs/HarmonyExports/KR_C19/20200610_stitched/,KR_C19_00RM__2020-06-04T12_54_20-Measurement 1b,/nfs/HarmonyExports/KR_C19/0STITCHED/PE-1.1.3/
/nfs/HarmonyExports/KR_C19/20200610_stitched/,200606_213726-V__2020-06-06T21_43_34-Measurement 1a,/nfs/HarmonyExports/KR_C19/0STITCHED/PE-1.1.3/
/nfs/HarmonyExports/KR_C19/20200610_stitched/,200605_223841-V__2020-06-05T22_44_17-Measurement 1a,/nfs/HarmonyExports/KR_C19/0STITCHED/PE-1.1.3/
/nfs/HarmonyExports/KR_C19/20200610_stitched/,KR_C19_00P3__2020-05-27T19_46_52-Measurement 2,/nfs/HarmonyExports/KR_C19/0STITCHED/PE-1.1.3/
/nfs/HarmonyExports/KR_C19/20200610_stitched/,200523_025747-V__2020-05-23T04_09_58-Measurement 1b,/nfs/HarmonyExports/KR_C19/0STITCHED/PE-1.1.3/
/nfs/HarmonyExports/KR_C19/20200610_stitched/,KR_C19_00NR__2020-05-19T12_34_49-Measurement 2,/nfs/HarmonyExports/KR_C19/0STITCHED/PE-1.1.3/
/nfs/HarmonyExports/KR_C19/20200610_stitched/,KR_C19_00S5__2020-06-03T15_48_31-Measurement 1,/nfs/HarmonyExports/KR_C19/0STITCHED/PE-1.1.3/
/nfs/HarmonyExports/KR_C19/20200610_stitched/,200605_045207-V__2020-06-05T04_57_46-Measurement 1a,/nfs/HarmonyExports/KR_C19/0STITCHED/PE-1.1.3/
/nfs/HarmonyExports/KR_C19/20200610_stitched/,200528_005449-V__2020-05-28T01_00_52-Measurement 1a,/nfs/HarmonyExports/KR_C19/0STITCHED/PE-1.1.3/
/nfs/HarmonyExports/KR_C19/20200610_stitched/,KR_C19_00RJ__2020-06-05T09_48_50-Measurement 1b,/nfs/HarmonyExports/KR_C19/0STITCHED/PE-1.1.3/
/nfs/HarmonyExports/KR_C19/20200610_stitched/,KR_C19_00N8__2020-05-19T11_24_37-Measurement 1,/nfs/HarmonyExports/KR_C19/0STITCHED/PE-1.1.3/
/nfs/HarmonyExports/KR_C19/20200610_stitched/,KR_C19_00N9__2020-05-19T13_44_36-Measurement 2,/nfs/HarmonyExports/KR_C19/0STITCHED/PE-1.1.3/
/nfs/HarmonyExports/KR_C19/20200610_stitched/,200605_195852-V__2020-06-05T20_04_47-Measurement 1a,/nfs/HarmonyExports/KR_C19/0STITCHED/PE-1.1.3/
/nfs/HarmonyExports/KR_C19/20200610_stitched/,KR_C19_00SW__2020-06-05T17_39_14-Measurement 1,/nfs/HarmonyExports/KR_C19/0STITCHED/PE-1.1.3/
/nfs/HarmonyExports/KR_C19/20200610_stitched/,KR_C19_00NR__2020-05-19T12_28_27-Measurement 1,/nfs/HarmonyExports/KR_C19/0STITCHED/PE-1.1.3/
/nfs/HarmonyExports/KR_C19/20200610_stitched/,200604_010942-V__2020-06-04T01_15_18-Measurement 1a,/nfs/HarmonyExports/KR_C19/0STITCHED/PE-1.1.3/
/nfs/HarmonyExports/KR_C19/20200610_stitched/,200528_014156-V__2020-05-28T02_08_58-Measurement 1b,/nfs/HarmonyExports/KR_C19/0STITCHED/PE-1.1.3/
/nfs/HarmonyExports/KR_C19/20200610_stitched/,200526_010218-V__2020-05-26T01_07_46-Measurement 1a,/nfs/HarmonyExports/KR_C19/0STITCHED/PE-1.1.3/
/nfs/HarmonyExports/KR_C19/20200610_stitched/,KR_C19_00RK__2020-06-04T15_17_16-Measurement 1b,/nfs/HarmonyExports/KR_C19/0STITCHED/PE-1.1.3/
/nfs/HarmonyExports/KR_C19/20200610_stitched/,200604_205158-V__2020-06-04T20_57_36-Measurement 1a,/nfs/HarmonyExports/KR_C19/0STITCHED/PE-1.1.3/
/nfs/HarmonyExports/KR_C19/20200610_stitched/,KR_C19_00NQ__2020-05-19T11_58_13-Measurement 1,/nfs/HarmonyExports/KR_C19/0STITCHED/PE-1.1.3/
/nfs/HarmonyExports/KR_C19/20200610_stitched/,200523_075613-V__2020-05-23T09_08_46-Measurement 1b,/nfs/HarmonyExports/KR_C19/0STITCHED/PE-1.1.3/
/nfs/HarmonyExports/KR_C19/20200610_stitched/,200603_222517-V__2020-06-03T22_50_50-Measurement 1b,/nfs/HarmonyExports/KR_C19/0STITCHED/PE-1.1.3/
/nfs/HarmonyExports/KR_C19/20200610_stitched/,200527_205523-V__2020-05-27T21_23_06-Measurement 1b,/nfs/HarmonyExports/KR_C19/0STITCHED/PE-1.1.3/
/nfs/HarmonyExports/KR_C19/20200610_stitched/,200606_104138-V__2020-06-06T11_06_39-Measurement 1b,/nfs/HarmonyExports/KR_C19/0STITCHED/PE-1.1.3/
/nfs/HarmonyExports/KR_C19/20200610_stitched/,200604_190315-V__2020-06-04T19_28_50-Measurement 1b,/nfs/HarmonyExports/KR_C19/0STITCHED/PE-1.1.3/
/nfs/HarmonyExports/KR_C19/20200610_stitched/,200526_010218-V__2020-05-26T02_14_38-Measurement 1b,/nfs/HarmonyExports/KR_C19/0STITCHED/PE-1.1.3/
/nfs/HarmonyExports/KR_C19/20200610_stitched/,KR_C19_00NE__2020-05-19T14_33_10-Measurement 2,/nfs/HarmonyExports/KR_C19/0STITCHED/PE-1.1.3/
/nfs/HarmonyExports/KR_C19/20200610_stitched/,KR_C19_00T5__2020-06-05T15_03_49-Measurement 1a,/nfs/HarmonyExports/KR_C19/0STITCHED/PE-1.1.3/
/nfs/HarmonyExports/KR_C19/20200610_stitched/,KR_C19_multi1__2020-05-22T10_15_56-Measurement 1a,/nfs/HarmonyExports/KR_C19/0STITCHED/PE-1.1.3/
/nfs/HarmonyExports/KR_C19/20200610_stitched/,200605_223841-V__2020-06-05T23_03_49-Measurement 1b,/nfs/HarmonyExports/KR_C19/0STITCHED/PE-1.1.3/
/nfs/HarmonyExports/KR_C19/20200610_stitched/,KR_C19_00NC__2020-05-19T12_43_58-Measurement 1,/nfs/HarmonyExports/KR_C19/0STITCHED/PE-1.1.3/
/nfs/HarmonyExports/KR_C19/20200610_stitched/,KR_C19_00ND__2020-05-19T14_52_52-Measurement 1,/nfs/HarmonyExports/KR_C19/0STITCHED/PE-1.1.3/
/nfs/HarmonyExports/KR_C19/20200610_stitched/,200526_192733-V__2020-05-26T19_52_41-Measurement 1b,/nfs/HarmonyExports/KR_C19/0STITCHED/PE-1.1.3/
/nfs/HarmonyExports/KR_C19/20200610_stitched/,200606_072310-V__2020-06-06T07_28_48-Measurement 1a,/nfs/HarmonyExports/KR_C19/0STITCHED/PE-1.1.3/
/nfs/HarmonyExports/KR_C19/20200610_stitched/,KR_C19_00PN__2020-05-27T18_32_58-Measurement 1,/nfs/HarmonyExports/KR_C19/0STITCHED/PE-1.1.3/
/nfs/HarmonyExports/KR_C19/20200610_stitched/,KR_C19_00Q5__2020-05-28T12_45_20-Measurement 2,/nfs/HarmonyExports/KR_C19/0STITCHED/PE-1.1.3/
/nfs/HarmonyExports/KR_C19/20200610_stitched/,200523_001822-V__2020-05-23T01_30_51-Measurement 1b,/nfs/HarmonyExports/KR_C19/0STITCHED/PE-1.1.3/
/nfs/HarmonyExports/KR_C19/20200610_stitched/,200528_022538-V__2020-05-28T02_31_39-Measurement 1a,/nfs/HarmonyExports/KR_C19/0STITCHED/PE-1.1.3/
/nfs/HarmonyExports/KR_C19/20200610_stitched/,200528_205054-V__2020-05-28T21_17_30-Measurement 1b,/nfs/HarmonyExports/KR_C19/0STITCHED/PE-1.1.3/
/nfs/HarmonyExports/KR_C19/20200610_stitched/,KR_C19_00TG__2020-06-09T14_40_53-Measurement 3,/nfs/HarmonyExports/KR_C19/0STITCHED/PE-1.1.3/
/nfs/HarmonyExports/KR_C19/20200610_stitched/,KR_C19_00NN__2020-05-19T11_43_36-Measurement 2,/nfs/HarmonyExports/KR_C19/0STITCHED/PE-1.1.3/
/nfs/HarmonyExports/KR_C19/20200610_stitched/,200607_005648-V__2020-06-07T01_02_33-Measurement 1a,/nfs/HarmonyExports/KR_C19/0STITCHED/PE-1.1.3/
/nfs/HarmonyExports/KR_C19/20200610_stitched/,200520_115309-V__2020-05-20T12_13_25-Measurement 1b,/nfs/HarmonyExports/KR_C19/0STITCHED/PE-1.1.3/
/nfs/HarmonyExports/KR_C19/20200610_stitched/,KR_C19_00NQ__2020-05-19T12_05_34-Measurement 2,/nfs/HarmonyExports/KR_C19/0STITCHED/PE-1.1.3/
/nfs/HarmonyExports/KR_C19/20200610_stitched/,KR_C19_00Q0__2020-05-21T15_46_07-Measurement 1b,/nfs/HarmonyExports/KR_C19/0STITCHED/PE-1.1.3/
/nfs/HarmonyExports/KR_C19/20200610_stitched/,KR_C19_00T5__2020-06-05T15_23_40-Measurement 1b,/nfs/HarmonyExports/KR_C19/0STITCHED/PE-1.1.3/
/nfs/HarmonyExports/KR_C19/20200610_stitched/,200528_212926-V__2020-05-28T21_54_42-Measurement 1b,/nfs/HarmonyExports/KR_C19/0STITCHED/PE-1.1.3/
/nfs/HarmonyExports/KR_C19/20200610_stitched/,200528_005449-V__2020-05-28T01_21_48-Measurement 1b,/nfs/HarmonyExports/KR_C19/0STITCHED/PE-1.1.3/
/nfs/HarmonyExports/KR_C19/20200610_stitched/,KR_C19_00ND__2020-05-19T15_00_20-Measurement 2,/nfs/HarmonyExports/KR_C19/0STITCHED/PE-1.1.3/
/nfs/HarmonyExports/KR_C19/20200610_stitched/,200604_190315-V__2020-06-04T19_09_10-Measurement 1a,/nfs/HarmonyExports/KR_C19/0STITCHED/PE-1.1.3/
/nfs/HarmonyExports/KR_C19/20200610_stitched/,KR_C19_00RJ__2020-06-05T09_29_02-Measurement 1a,/nfs/HarmonyExports/KR_C19/0STITCHED/PE-1.1.3/
/nfs/HarmonyExports/KR_C19/20200610_stitched/,200606_095042-V__2020-06-06T10_15_58-Measurement 1b,/nfs/HarmonyExports/KR_C19/0STITCHED/PE-1.1.3/
/nfs/HarmonyExports/KR_C19/20200610_stitched/,200603_222517-V__2020-06-03T22_30_59-Measurement 1a,/nfs/HarmonyExports/KR_C19/0STITCHED/PE-1.1.3/
/nfs/HarmonyExports/KR_C19/20200610_stitched/,KR_C19_00NT__2020-05-19T15_23_37-Measurement 2,/nfs/HarmonyExports/KR_C19/0STITCHED/PE-1.1.3/
/nfs/HarmonyExports/KR_C19/20200610_stitched/,200521_233713-V__2020-05-22T00_02_47-Measurement 1b,/nfs/HarmonyExports/KR_C19/0STITCHED/PE-1.1.3/
/nfs/HarmonyExports/KR_C19/20200610_stitched/,KR_C19_00N9__2020-05-19T13_13_16-Measurement 1,/nfs/HarmonyExports/KR_C19/0STITCHED/PE-1.1.3/
/nfs/HarmonyExports/KR_C19/20200610_stitched/,200529_092454-V__2020-05-29T09_30_50-Measurement 1a,/nfs/HarmonyExports/KR_C19/0STITCHED/PE-1.1.3/
/nfs/HarmonyExports/KR_C19/20200610_stitched/,KR_C19_00T5__2020-06-05T19_21_11-Measurement 3,/nfs/HarmonyExports/KR_C19/0STITCHED/PE-1.1.3/
/nfs/HarmonyExports/KR_C19/20200610_stitched/,200606_213726-V__2020-06-06T22_03_38-Measurement 1b,/nfs/HarmonyExports/KR_C19/0STITCHED/PE-1.1.3/
/nfs/HarmonyExports/KR_C19/20200610_stitched/,KR_C19_00NS__2020-05-19T13_08_03-Measurement 2,/nfs/HarmonyExports/KR_C19/0STITCHED/PE-1.1.3/
/nfs/HarmonyExports/KR_C19/20200610_stitched/,200610_052424-V__2020-06-10T05_30_12-Measurement 1a,/nfs/HarmonyExports/KR_C19/0STITCHED/PE-1.1.3/
/nfs/HarmonyExports/KR_C19/20200610_stitched/,KR_C19_00NS__2020-05-19T12_57_04-Measurement 1,/nfs/HarmonyExports/KR_C19/0STITCHED/PE-1.1.3/
/nfs/HarmonyExports/KR_C19/20200610_stitched/,KR_C19_00RZ__2020-06-09T09_08_36-Measurement 2,/nfs/HarmonyExports/KR_C19/0STITCHED/PE-1.1.3/
/nfs/HarmonyExports/KR_C19/20200610_stitched/,KR_C19_00T5__2020-06-05T18_39_12-Measurement 2,/nfs/HarmonyExports/KR_C19/0STITCHED/PE-1.1.3/
/nfs/HarmonyExports/KR_C19/20200610_stitched/,KR_C19_00P0__2020-05-22T14_51_06-Measurement 1a,/nfs/HarmonyExports/KR_C19/0STITCHED/PE-1.1.3/
/nfs/HarmonyExports/KR_C19/20200610_stitched/,KR_C19_00NV__2020-05-21T10_36_44-Measurement 5b,/nfs/HarmonyExports/KR_C19/0STITCHED/PE-1.1.3/
/nfs/HarmonyExports/KR_C19/20200610_stitched/,KR_C19_00SW__2020-06-05T18_03_36-Measurement 2,/nfs/HarmonyExports/KR_C19/0STITCHED/PE-1.1.3/
/nfs/HarmonyExports/KR_C19/20200610_stitched/,200526_213814-V__2020-05-26T22_02_43-Measurement 1b,/nfs/HarmonyExports/KR_C19/0STITCHED/PE-1.1.3/
/nfs/HarmonyExports/KR_C19/20200610_stitched/,200604_221928-V__2020-06-04T22_25_06-Measurement 1a,/nfs/HarmonyExports/KR_C19/0STITCHED/PE-1.1.3/
/nfs/HarmonyExports/KR_C19/20200610_stitched/,200520_121828-V__2020-05-20T12_23_49-Measurement 1a,/nfs/HarmonyExports/KR_C19/0STITCHED/PE-1.1.3/
/nfs/HarmonyExports/KR_C19/20200610_stitched/,200520_115309-V__2020-05-20T11_58_37-Measurement 1a,/nfs/HarmonyExports/KR_C19/0STITCHED/PE-1.1.3/
/nfs/HarmonyExports/KR_C19/20200610_stitched/,KR_C19_00PY__2020-05-21T11_43_44-Measurement 1a,/nfs/HarmonyExports/KR_C19/0STITCHED/PE-1.1.3/
/nfs/HarmonyExports/KR_C19/20200610_stitched/,KR_C19_00NV__2020-05-19T18_31_10-Measurement 1,/nfs/HarmonyExports/KR_C19/0STITCHED/PE-1.1.3/
/nfs/HarmonyExports/KR_C19/20200610_stitched/,KR_C19_00QD__2020-06-01T14_03_35-Measurement 2,/nfs/HarmonyExports/KR_C19/0STITCHED/PE-1.1.3/
/nfs/HarmonyExports/KR_C19/20200610_stitched/,KR_C19_00TG__2020-06-09T11_07_41-Measurement 1,/nfs/HarmonyExports/KR_C19/0STITCHED/PE-1.1.3/
/nfs/HarmonyExports/KR_C19/20200610_stitched/,KR_C19_00P8__2020-05-27T19_18_36-Measurement 1,/nfs/HarmonyExports/KR_C19/0STITCHED/PE-1.1.3/
/nfs/HarmonyExports/KR_C19/20200610_stitched/,200528_064240-V__2020-05-28T07_09_43-Measurement 1b,/nfs/HarmonyExports/KR_C19/0STITCHED/PE-1.1.3/
/nfs/HarmonyExports/KR_C19/20200610_stitched/,200529_092454-V__2020-05-29T09_55_54-Measurement 1b,/nfs/HarmonyExports/KR_C19/0STITCHED/PE-1.1.3/
/nfs/HarmonyExports/KR_C19/20200610_stitched/,KR_C19_00N8__2020-05-19T11_32_30-Measurement 2,/nfs/HarmonyExports/KR_C19/0STITCHED/PE-1.1.3/
/nfs/HarmonyExports/KR_C19/20200610_stitched/,200528_064240-V__2020-05-28T06_48_42-Measurement 1a,/nfs/HarmonyExports/KR_C19/0STITCHED/PE-1.1.3/
/nfs/HarmonyExports/KR_C19/20200610_stitched/,KR_C19_00RT__2020-06-04T09_19_58-Measurement 1a,/nfs/HarmonyExports/KR_C19/0STITCHED/PE-1.1.3/
/nfs/HarmonyExports/KR_C19/20200610_stitched/,200604_205158-V__2020-06-04T21_17_03-Measurement 1b,/nfs/HarmonyExports/KR_C19/0STITCHED/PE-1.1.3/
/nfs/HarmonyExports/KR_C19/20200610_stitched/,KR_C19_00R2__2020-05-27T17_07_33-Measurement 1b,/nfs/HarmonyExports/KR_C19/0STITCHED/PE-1.1.3/
/nfs/HarmonyExports/KR_C19/20200610_stitched/,KR_C19_00QE__2020-05-22T13_15_49-Measurement 1b,/nfs/HarmonyExports/KR_C19/0STITCHED/PE-1.1.3/
/nfs/HarmonyExports/KR_C19/20200610_stitched/,KR_C19_00P9__2020-05-27T18_59_51-Measurement 1,/nfs/HarmonyExports/KR_C19/0STITCHED/PE-1.1.3/
/nfs/HarmonyExports/KR_C19/20200610_stitched/,200606_011458-V__2020-06-06T01_20_35-Measurement 1a,/nfs/HarmonyExports/KR_C19/0STITCHED/PE-1.1.3/
/nfs/HarmonyExports/KR_C19/20200610_stitched/,KR_C19_00PI__2020-05-20T17_24_02-Measurement 1,/nfs/HarmonyExports/KR_C19/0STITCHED/PE-1.1.3/
/nfs/HarmonyExports/KR_C19/20200610_stitched/,200603_194003-V__2020-06-03T19_45_23-Measurement 1a,/nfs/HarmonyExports/KR_C19/0STITCHED/PE-1.1.3/
/nfs/HarmonyExports/KR_C19/20200610_stitched/,KR_C19_00NU__2020-05-19T14_40_07-Measurement 1,/nfs/HarmonyExports/KR_C19/0STITCHED/PE-1.1.3/
/nfs/HarmonyExports/KR_C19/20200610_stitched/,200523_155655-V__2020-05-23T16_02_33-Measurement 1a,/nfs/HarmonyExports/KR_C19/0STITCHED/PE-1.1.3/
/nfs/HarmonyExports/KR_C19/20200610_stitched/,KR_C19_00Q9__2020-05-28T17_31_47-Measurement 2a,/nfs/HarmonyExports/KR_C19/0STITCHED/PE-1.1.3/
/nfs/HarmonyExports/KR_C19/20200610_stitched/,200604_035643-V__2020-06-04T04_02_19-Measurement 1a,/nfs/HarmonyExports/KR_C19/0STITCHED/PE-1.1.3/
/nfs/HarmonyExports/KR_C19/20200610_stitched/,KR_C19_00S5__2020-06-03T16_12_45-Measurement 2,/nfs/HarmonyExports/KR_C19/0STITCHED/PE-1.1.3/
/nfs/HarmonyExports/KR_C19/20200610_stitched/,200522_193422-V__2020-05-22T20_15_31-Measurement 1b,/nfs/HarmonyExports/KR_C19/0STITCHED/PE-1.1.3/
/nfs/HarmonyExports/KR_C19/20200610_stitched/,KR_C19_00P5__2020-05-27T10_13_05-Measurement 2a,/nfs/HarmonyExports/KR_C19/0STITCHED/PE-1.1.3/
/nfs/HarmonyExports/KR_C19/20200610_stitched/,KR_C19_00RZ__2020-06-09T08_54_33-Measurement 1,/nfs/HarmonyExports/KR_C19/0STITCHED/PE-1.1.3/
/nfs/HarmonyExports/KR_C19/20200610_stitched/,KR_C19_00RR__2020-06-04T10_53_22-Measurement 1a,/nfs/HarmonyExports/KR_C19/0STITCHED/PE-1.1.3/
/nfs/HarmonyExports/KR_C19/20200610_stitched/,KR_C19_00QF__2020-05-22T13_41_50-Measurement 1a,/nfs/HarmonyExports/KR_C19/0STITCHED/PE-1.1.3/
/nfs/HarmonyExports/KR_C19/20200610_stitched/,KR_C19_00P5__2020-05-27T10_21_50-Measurement 2b,/nfs/HarmonyExports/KR_C19/0STITCHED/PE-1.1.3/
/nfs/HarmonyExports/KR_C19/20200610_stitched/,KR_C19_00P9__2020-05-27T19_07_40-Measurement 2,/nfs/HarmonyExports/KR_C19/0STITCHED/PE-1.1.3/
/nfs/HarmonyExports/KR_C19/20200610_stitched/,200521_201016-V__2020-05-21T20_35_06-Measurement 1b,/nfs/HarmonyExports/KR_C19/0STITCHED/PE-1.1.3/
/nfs/HarmonyExports/KR_C19/20200610_stitched/,200605_195852-V__2020-06-05T20_24_30-Measurement 1b,/nfs/HarmonyExports/KR_C19/0STITCHED/PE-1.1.3/
/nfs/HarmonyExports/KR_C19/20200610_stitched/,KR_C19_00PA__2020-05-27T18_30_06-Measurement 1,/nfs/HarmonyExports/KR_C19/0STITCHED/PE-1.1.3/
/nfs/HarmonyExports/KR_C19/20200610_stitched/,KR_C19_00PF__2020-05-20T18_20_28-Measurement 2,/nfs/HarmonyExports/KR_C19/0STITCHED/PE-1.1.3/
/nfs/HarmonyExports/KR_C19/20200610_stitched/,200528_022538-V__2020-05-28T02_52_47-Measurement 1b,/nfs/HarmonyExports/KR_C19/0STITCHED/PE-1.1.3/
/nfs/HarmonyExports/KR_C19/20200610_stitched/,200523_104758-V__2020-05-23T10_53_31-Measurement 1a,/nfs/HarmonyExports/KR_C19/0STITCHED/PE-1.1.3/
/nfs/HarmonyExports/KR_C19/20200610_stitched/,200606_072310-V__2020-06-06T07_48_27-Measurement 1b,/nfs/HarmonyExports/KR_C19/0STITCHED/PE-1.1.3/
/nfs/HarmonyExports/KR_C19/20200610_stitched/,KR_C19_00Q0__2020-05-21T15_29_07-Measurement 1a,/nfs/HarmonyExports/KR_C19/0STITCHED/PE-1.1.3/
/nfs/HarmonyExports/KR_C19/20200610_stitched/,200606_095042-V__2020-06-06T09_56_20-Measurement 1a,/nfs/HarmonyExports/KR_C19/0STITCHED/PE-1.1.3/
/nfs/HarmonyExports/KR_C19/20200610_stitched/,KR_C19_00R3__2020-05-27T13_49_37-Measurement 3b,/nfs/HarmonyExports/KR_C19/0STITCHED/PE-1.1.3/
/nfs/HarmonyExports/KR_C19/20200610_stitched/,200528_014156-V__2020-05-28T01_47_57-Measurement 1a,/nfs/HarmonyExports/KR_C19/0STITCHED/PE-1.1.3/
/nfs/HarmonyExports/KR_C19/20200610_stitched/,KR_C19_00R3__2020-05-27T13_28_40-Measurement 3a,/nfs/HarmonyExports/KR_C19/0STITCHED/PE-1.1.3/
/nfs/HarmonyExports/KR_C19/20200610_stitched/,200610_052424-V__2020-06-10T05_49_55-Measurement 1b,/nfs/HarmonyExports/KR_C19/0STITCHED/PE-1.1.3/
/nfs/HarmonyExports/KR_C19/20200610_stitched/,200604_035643-V__2020-06-04T04_22_14-Measurement 1b,/nfs/HarmonyExports/KR_C19/0STITCHED/PE-1.1.3/
/nfs/HarmonyExports/KR_C19/20200610_stitched/,KR_C19_00PG__2020-05-20T17_18_33-Measurement 1,/nfs/HarmonyExports/KR_C19/0STITCHED/PE-1.1.3/
/nfs/HarmonyExports/KR_C19/20200610_stitched/,200520_121828-V__2020-05-20T12_38_43-Measurement 1b,/nfs/HarmonyExports/KR_C19/0STITCHED/PE-1.1.3/
/nfs/HarmonyExports/KR_C19/20200610_stitched/,KR_C19_00TH__2020-06-09T11_18_29-Measurement 2,/nfs/HarmonyExports/KR_C19/0STITCHED/PE-1.1.3/
/nfs/HarmonyExports/KR_C19/20200610_stitched/,KR_C19_00PC__2020-05-20T15_18_41-Measurement 1,/nfs/HarmonyExports/KR_C19/0STITCHED/PE-1.1.3/
/nfs/HarmonyExports/KR_C19/20200610_stitched/,KR_C19_00P8__2020-05-27T19_30_52-Measurement 2,/nfs/HarmonyExports/KR_C19/0STITCHED/PE-1.1.3/
/nfs/HarmonyExports/KR_C19/20200610_stitched/,KR_C19_00PY__2020-05-21T12_00_44-Measurement 1b,/nfs/HarmonyExports/KR_C19/0STITCHED/PE-1.1.3/
/nfs/HarmonyExports/KR_C19/20200610_stitched/,KR_C19_00RH__2020-06-05T11_55_08-Measurement 1a,/nfs/HarmonyExports/KR_C19/0STITCHED/PE-1.1.3/
/nfs/HarmonyExports/KR_C19/20200610_stitched/,KR_C19_00RM__2020-06-04T12_34_52-Measurement 1a,/nfs/HarmonyExports/KR_C19/0STITCHED/PE-1.1.3/
/nfs/HarmonyExports/KR_C19/20200610_stitched/,KR_C19_00PE__2020-05-20T15_54_34-Measurement 1,/nfs/HarmonyExports/KR_C19/0STITCHED/PE-1.1.3/
/nfs/HarmonyExports/KR_C19/20200610_stitched/,KR_C19_00PD__2020-05-20T15_52_32-Measurement 1,/nfs/HarmonyExports/KR_C19/0STITCHED/PE-1.1.3/
/nfs/HarmonyExports/KR_C19/20200610_stitched/,KR_C19_00ST__2020-06-05T17_49_12-Measurement 2,/nfs/HarmonyExports/KR_C19/0STITCHED/PE-1.1.3/
/nfs/HarmonyExports/KR_C19/20200610_stitched/,KR_C19_00SE__2020-06-08T13_59_25-Measurement 1,/nfs/HarmonyExports/KR_C19/0STITCHED/PE-1.1.3/
/nfs/HarmonyExports/KR_C19/20200610_stitched/,200528_053608-V__2020-05-28T05_42_10-Measurement 1a,/nfs/HarmonyExports/KR_C19/0STITCHED/PE-1.1.3/
/nfs/HarmonyExports/KR_C19/20200610_stitched/,200528_205054-V__2020-05-28T20_56_47-Measurement 1a,/nfs/HarmonyExports/KR_C19/0STITCHED/PE-1.1.3/
/nfs/HarmonyExports/KR_C19/20200610_stitched/,200606_011458-V__2020-06-06T01_40_22-Measurement 1b,/nfs/HarmonyExports/KR_C19/0STITCHED/PE-1.1.3/
/nfs/HarmonyExports/KR_C19/20200610_stitched/,200604_221928-V__2020-06-04T22_44_53-Measurement 1b,/nfs/HarmonyExports/KR_C19/0STITCHED/PE-1.1.3/
/nfs/HarmonyExports/KR_C19/20200610_stitched/,KR_C19_00S4__2020-06-03T16_50_49-Measurement 1,/nfs/HarmonyExports/KR_C19/0STITCHED/PE-1.1.3/
/nfs/HarmonyExports/KR_C19/20200610_stitched/,KR_C19_00P0__2020-05-22T15_09_58-Measurement 1b,/nfs/HarmonyExports/KR_C19/0STITCHED/PE-1.1.3/
/nfs/HarmonyExports/KR_C19/20200610_stitched/,200521_201016-V__2020-05-21T20_16_02-Measurement 1a,/nfs/HarmonyExports/KR_C19/0STITCHED/PE-1.1.3/
/nfs/HarmonyExports/KR_C19/20200610_stitched/,KR_C19_00NF__2020-05-19T15_34_43-Measurement 1,/nfs/HarmonyExports/KR_C19/0STITCHED/PE-1.1.3/
/nfs/HarmonyExports/KR_C19/20200610_stitched/,KR_C19_00QA__2020-05-22T17_13_32-Measurement 1a,/nfs/HarmonyExports/KR_C19/0STITCHED/PE-1.1.3/
/nfs/HarmonyExports/KR_C19/20200610_stitched/,200523_001822-V__2020-05-23T00_23_56-Measurement 1a,/nfs/HarmonyExports/KR_C19/0STITCHED/PE-1.1.3/
/nfs/HarmonyExports/KR_C19/20200610_stitched/,200605_013714-V__2020-06-05T02_02_35-Measurement 1b,/nfs/HarmonyExports/KR_C19/0STITCHED/PE-1.1.3/
/nfs/HarmonyExports/KR_C19/20200610_stitched/,KR_C19_00QV__2020-05-26T17_45_57-Measurement 1,/nfs/HarmonyExports/KR_C19/0STITCHED/PE-1.1.3/
/nfs/HarmonyExports/KR_C19/20200610_stitched/,KR_C19_00RH__2020-06-05T12_14_32-Measurement 1b,/nfs/HarmonyExports/KR_C19/0STITCHED/PE-1.1.3/
/nfs/HarmonyExports/KR_C19/20200610_stitched/,200528_053608-V__2020-05-28T06_03_10-Measurement 1b,/nfs/HarmonyExports/KR_C19/0STITCHED/PE-1.1.3/
/nfs/HarmonyExports/KR_C19/20200610_stitched/,KR_C19_00QV__2020-05-26T17_55_21-Measurement 2,/nfs/HarmonyExports/KR_C19/0STITCHED/PE-1.1.3/
/nfs/HarmonyExports/KR_C19/20200610_stitched/,KR_C19_00SD__2020-06-05T18_23_53-Measurement 2,/nfs/HarmonyExports/KR_C19/0STITCHED/PE-1.1.3/
/nfs/HarmonyExports/KR_C19/20200610_stitched/,KR_C19_00TG__2020-06-09T12_15_06-Measurement 2,/nfs/HarmonyExports/KR_C19/0STITCHED/PE-1.1.3/
/nfs/HarmonyExports/KR_C19/20200610_stitched/,KR_C19_00NF__2020-05-19T15_45_39-Measurement 2,/nfs/HarmonyExports/KR_C19/0STITCHED/PE-1.1.3/
/nfs/HarmonyExports/KR_C19/20200610_stitched/,KR_C19_00PB__2020-05-20T14_56_36-Measurement 2,/nfs/HarmonyExports/KR_C19/0STITCHED/PE-1.1.3/
/nfs/HarmonyExports/KR_C19/20200610_stitched/,KR_C19_00RT__2020-06-04T09_39_23-Measurement 1b,/nfs/HarmonyExports/KR_C19/0STITCHED/PE-1.1.3/
/nfs/HarmonyExports/KR_C19/20200610_stitched/,KR_C19_00NV__2020-05-21T10_30_04-Measurement 5a,/nfs/HarmonyExports/KR_C19/0STITCHED/PE-1.1.3/
/nfs/HarmonyExports/KR_C19/20200610_stitched/,KR_C19_00R2__2020-05-27T16_46_25-Measurement 1a,/nfs/HarmonyExports/KR_C19/0STITCHED/PE-1.1.3/
/nfs/HarmonyExports/KR_C19/20200610_stitched/,KR_C19_00PI__2020-05-20T17_35_04-Measurement 2,/nfs/HarmonyExports/KR_C19/0STITCHED/PE-1.1.3/
/nfs/HarmonyExports/KR_C19/20200610_stitched/,200606_104138-V__2020-06-06T10_47_16-Measurement 1a,/nfs/HarmonyExports/KR_C19/0STITCHED/PE-1.1.3/
/nfs/HarmonyExports/KR_C19/20200610_stitched/,200523_075613-V__2020-05-23T08_01_46-Measurement 1a,/nfs/HarmonyExports/KR_C19/0STITCHED/PE-1.1.3/
/nfs/HarmonyExports/KR_C19/20200610_stitched/,KR_C19_00QF__2020-05-22T14_00_27-Measurement 1b,/nfs/HarmonyExports/KR_C19/0STITCHED/PE-1.1.3/
